lifestyle_preferences,personal_values,hobbies,media_consumption,attitudes_towards_technology,risk_tolerance,social_values_orientation,political_affiliation,community_involvement,travel_preferences,cultural_activities_participation,leadership_propensity,charitable_activities,fashion_preferences,privacy_concerns
Sedentary,Adventure,Sports,Magazines,Neutral,High,Collectivist,Conservative,Occasional,International,Occasional,Low,Frequent,Trendy,Low
Active,Career,Travel,Streaming,Resistant,Moderate,Behavioralistic,Independent,Inactive,Luxury,Rare,Moderate,None,Trendy,Low
Balanced,Community,Travel,Social Media,Neutral,Moderate,Behavioralistic,Liberal,Occasional,International,Rare,High,Occasional,Classic,High
Active,Community,Reading,Social Media,Enthusiastic,Low,Collectivist,Conservative,Occasional,Luxury,Occasional,Moderate,Frequent,Minimalist,Low
Balanced,Career,Sports,TV,Resistant,High,Behavioralistic,Independent,Inactive,Domestic,Occasional,Moderate,None,Casual,Moderate
Sedentary,Family,Gaming,Social Media,Enthusiastic,Moderate,Behavioralistic,Conservative,Occasional,Adventure,Rare,Moderate,Frequent,Trendy,Moderate
Balanced,Community,Gaming,Social Media,Neutral,Moderate,Collectivist,Liberal,Inactive,Domestic,Frequent,Moderate,Frequent,Trendy,Moderate
Sedentary,Career,Cooking,Streaming,Neutral,Moderate,Collectivist,Liberal,Occasional,Adventure,Rare,Moderate,Occasional,Minimalist,Low
Sedentary,Family,Reading,TV,Neutral,Moderate,Behavioralistic,Liberal,Occasional,Luxury,Occasional,Low,None,Classic,Low
Sedentary,Community,Sports,Streaming,Resistant,Moderate,Behavioralistic,Liberal,Active,International,Frequent,High,Frequent,Classic,Low
Active,Career,Sports,TV,Neutral,Moderate,Collectivist,Independent,Inactive,Luxury,Occasional,Low,Occasional,Minimalist,Moderate
Balanced,Family,Cooking,Streaming,Enthusiastic,Low,Behavioralistic,Conservative,Active,International,Occasional,Moderate,Frequent,Classic,High
Sedentary,Community,Cooking,TV,Neutral,Moderate,Collectivist,Independent,Active,International,Frequent,High,None,Casual,High
Active,Community,Gaming,News Websites,Neutral,Moderate,Behavioralistic,Independent,Active,International,Occasional,Low,None,Trendy,Low
Active,Family,Sports,TV,Resistant,High,Behavioralistic,Independent,Inactive,Adventure,Frequent,High,Occasional,Classic,Moderate
Sedentary,Career,Cooking,Magazines,Neutral,Moderate,Behavioralistic,Independent,Occasional,Adventure,Occasional,High,Frequent,Casual,Low
Sedentary,Health,Cooking,News Websites,Resistant,Low,Behavioralistic,Liberal,Inactive,Adventure,Occasional,Low,None,Minimalist,High
Active,Community,Travel,Magazines,Resistant,Low,Behavioralistic,Conservative,Inactive,Luxury,Rare,Moderate,Occasional,Trendy,Low
Balanced,Family,Travel,Magazines,Resistant,High,Collectivist,Independent,Active,International,Frequent,Low,None,Minimalist,Low
Balanced,Family,Sports,Magazines,Resistant,High,Collectivist,Conservative,Active,Domestic,Rare,Moderate,Frequent,Classic,Moderate
Balanced,Community,Travel,Social Media,Resistant,High,Behavioralistic,Independent,Inactive,Domestic,Rare,Low,None,Minimalist,Moderate
Active,Adventure,Travel,News Websites,Neutral,Low,Collectivist,Independent,Occasional,Adventure,Rare,Low,Occasional,Casual,High
Active,Health,Gaming,TV,Neutral,Low,Collectivist,Liberal,Occasional,Domestic,Occasional,Low,None,Minimalist,High
Balanced,Career,Cooking,Streaming,Resistant,Low,Behavioralistic,Independent,Inactive,International,Rare,High,Occasional,Minimalist,Low
Balanced,Family,Travel,Social Media,Resistant,Moderate,Collectivist,Independent,Occasional,International,Rare,Moderate,Occasional,Minimalist,Moderate
Active,Career,Cooking,Social Media,Resistant,High,Collectivist,Liberal,Inactive,Adventure,Occasional,Moderate,Frequent,Minimalist,Moderate
Sedentary,Health,Cooking,Magazines,Resistant,High,Behavioralistic,Conservative,Inactive,International,Occasional,High,Frequent,Casual,Moderate
Balanced,Community,Cooking,Magazines,Neutral,Low,Behavioralistic,Liberal,Inactive,Domestic,Rare,Moderate,Occasional,Trendy,High
Balanced,Adventure,Travel,Streaming,Resistant,Low,Behavioralistic,Liberal,Active,Domestic,Occasional,Moderate,Frequent,Classic,Moderate
Balanced,Health,Reading,News Websites,Resistant,High,Collectivist,Independent,Occasional,International,Frequent,Low,None,Minimalist,Low
Sedentary,Adventure,Reading,Magazines,Neutral,Low,Collectivist,Conservative,Occasional,International,Occasional,Low,Frequent,Casual,High
Active,Community,Cooking,TV,Neutral,High,Collectivist,Liberal,Occasional,Luxury,Occasional,High,Frequent,Casual,Moderate
Active,Career,Gaming,News Websites,Enthusiastic,Low,Collectivist,Liberal,Inactive,International,Rare,Moderate,Occasional,Classic,Moderate
Balanced,Adventure,Gaming,News Websites,Enthusiastic,Moderate,Collectivist,Conservative,Active,International,Rare,Moderate,Frequent,Classic,Moderate
Balanced,Health,Reading,Social Media,Neutral,Moderate,Behavioralistic,Independent,Inactive,International,Rare,Moderate,Occasional,Trendy,Moderate
Active,Health,Reading,TV,Enthusiastic,Low,Behavioralistic,Liberal,Occasional,International,Frequent,Moderate,Occasional,Trendy,Moderate
Balanced,Adventure,Cooking,News Websites,Neutral,High,Behavioralistic,Conservative,Inactive,International,Frequent,Low,Frequent,Classic,Low
Active,Career,Sports,News Websites,Enthusiastic,High,Collectivist,Liberal,Active,Adventure,Occasional,Moderate,None,Casual,Low
Sedentary,Career,Travel,Social Media,Enthusiastic,Low,Collectivist,Independent,Occasional,Adventure,Frequent,Moderate,Frequent,Casual,Moderate
Balanced,Career,Travel,Streaming,Resistant,High,Collectivist,Independent,Occasional,International,Occasional,Low,Occasional,Classic,Low
Sedentary,Family,Travel,Streaming,Neutral,Low,Behavioralistic,Independent,Inactive,Luxury,Occasional,High,None,Classic,Low
Active,Career,Gaming,TV,Enthusiastic,Moderate,Collectivist,Conservative,Occasional,International,Occasional,Moderate,Frequent,Trendy,Moderate
Balanced,Family,Sports,Streaming,Resistant,High,Behavioralistic,Conservative,Inactive,Luxury,Occasional,Moderate,Occasional,Trendy,Moderate
Balanced,Adventure,Cooking,Streaming,Resistant,Moderate,Collectivist,Liberal,Active,Luxury,Occasional,Low,None,Trendy,Moderate
Sedentary,Family,Gaming,News Websites,Resistant,High,Collectivist,Liberal,Occasional,Luxury,Occasional,High,Occasional,Classic,High
Sedentary,Family,Gaming,Social Media,Enthusiastic,Low,Collectivist,Liberal,Active,International,Frequent,Low,Occasional,Trendy,High
Sedentary,Career,Gaming,TV,Neutral,Moderate,Collectivist,Liberal,Inactive,Adventure,Rare,Moderate,Frequent,Casual,High
Active,Career,Reading,Social Media,Enthusiastic,Moderate,Collectivist,Independent,Active,Adventure,Rare,Moderate,None,Casual,Low
Sedentary,Community,Travel,Social Media,Resistant,High,Collectivist,Liberal,Active,Domestic,Occasional,Moderate,Occasional,Minimalist,Low
Sedentary,Health,Gaming,Streaming,Resistant,Moderate,Collectivist,Liberal,Active,Adventure,Rare,Moderate,Frequent,Minimalist,Low
Active,Community,Gaming,Social Media,Neutral,High,Collectivist,Conservative,Occasional,Adventure,Rare,Low,Frequent,Minimalist,Moderate
Sedentary,Community,Gaming,Social Media,Resistant,Moderate,Behavioralistic,Liberal,Inactive,International,Frequent,High,Occasional,Classic,High
Sedentary,Health,Gaming,TV,Resistant,Moderate,Collectivist,Liberal,Active,Domestic,Occasional,High,Frequent,Casual,Low
Balanced,Career,Reading,TV,Neutral,Low,Collectivist,Conservative,Active,Domestic,Frequent,Moderate,None,Minimalist,Moderate
Sedentary,Career,Travel,TV,Neutral,High,Behavioralistic,Conservative,Occasional,Adventure,Rare,High,None,Classic,Moderate
Sedentary,Career,Reading,TV,Neutral,High,Behavioralistic,Independent,Active,Luxury,Frequent,Moderate,None,Minimalist,High
Sedentary,Health,Travel,Magazines,Neutral,High,Collectivist,Conservative,Occasional,Luxury,Occasional,High,Frequent,Casual,Low
Sedentary,Health,Gaming,TV,Neutral,Moderate,Collectivist,Conservative,Occasional,Luxury,Occasional,Low,Occasional,Minimalist,Moderate
Active,Community,Sports,Streaming,Neutral,Moderate,Behavioralistic,Independent,Inactive,Luxury,Frequent,High,Frequent,Casual,High
Active,Family,Sports,TV,Neutral,High,Behavioralistic,Liberal,Occasional,International,Occasional,Moderate,Frequent,Casual,High
Active,Adventure,Gaming,Magazines,Enthusiastic,Moderate,Behavioralistic,Conservative,Inactive,Adventure,Occasional,High,None,Minimalist,Low
Balanced,Family,Gaming,TV,Neutral,Low,Behavioralistic,Conservative,Occasional,Adventure,Frequent,High,None,Casual,High
Balanced,Adventure,Cooking,News Websites,Enthusiastic,Low,Behavioralistic,Liberal,Active,Adventure,Rare,Low,Occasional,Classic,Moderate
Sedentary,Family,Reading,Social Media,Enthusiastic,High,Collectivist,Conservative,Occasional,Domestic,Rare,High,Frequent,Minimalist,Moderate
Sedentary,Family,Cooking,Magazines,Enthusiastic,Low,Collectivist,Independent,Occasional,International,Frequent,Moderate,Frequent,Trendy,High
Sedentary,Community,Sports,Streaming,Neutral,Low,Behavioralistic,Conservative,Active,Adventure,Occasional,Low,Occasional,Casual,Low
Active,Career,Sports,News Websites,Neutral,Low,Behavioralistic,Liberal,Active,Luxury,Frequent,Moderate,None,Casual,High
Balanced,Community,Travel,Streaming,Enthusiastic,Low,Behavioralistic,Conservative,Occasional,Adventure,Frequent,Moderate,None,Trendy,High
Sedentary,Career,Reading,Social Media,Resistant,High,Collectivist,Conservative,Occasional,Luxury,Frequent,Low,Occasional,Trendy,High
Sedentary,Health,Travel,Magazines,Neutral,High,Collectivist,Conservative,Active,Domestic,Occasional,Low,None,Trendy,Moderate
Balanced,Health,Cooking,Social Media,Neutral,Low,Behavioralistic,Conservative,Occasional,Adventure,Rare,High,Frequent,Minimalist,Moderate
Balanced,Career,Gaming,News Websites,Enthusiastic,Moderate,Behavioralistic,Conservative,Inactive,International,Occasional,Moderate,Frequent,Classic,Moderate
Sedentary,Adventure,Sports,TV,Enthusiastic,Moderate,Behavioralistic,Conservative,Active,Luxury,Frequent,Moderate,Frequent,Minimalist,Moderate
Active,Health,Travel,TV,Resistant,Moderate,Collectivist,Conservative,Active,Adventure,Rare,Moderate,None,Casual,Moderate
Sedentary,Career,Reading,Streaming,Enthusiastic,Moderate,Collectivist,Conservative,Active,Adventure,Occasional,High,Frequent,Minimalist,Moderate
Active,Career,Cooking,Streaming,Resistant,Moderate,Collectivist,Independent,Occasional,Adventure,Rare,Low,Occasional,Classic,Moderate
Active,Career,Reading,Magazines,Enthusiastic,High,Collectivist,Liberal,Inactive,International,Frequent,Low,Occasional,Casual,Moderate
Sedentary,Community,Sports,News Websites,Neutral,Low,Behavioralistic,Conservative,Active,Adventure,Rare,High,None,Casual,Low
Balanced,Community,Cooking,Streaming,Resistant,High,Collectivist,Conservative,Active,Domestic,Frequent,High,None,Minimalist,Moderate
Active,Community,Travel,Streaming,Resistant,Moderate,Behavioralistic,Liberal,Occasional,Adventure,Frequent,Moderate,Occasional,Classic,Moderate
Balanced,Community,Sports,Magazines,Resistant,Low,Collectivist,Independent,Inactive,Adventure,Rare,High,Occasional,Classic,Low
Balanced,Health,Gaming,News Websites,Resistant,Low,Behavioralistic,Liberal,Inactive,International,Rare,High,Occasional,Casual,High
Active,Career,Gaming,TV,Enthusiastic,High,Collectivist,Conservative,Inactive,Luxury,Frequent,Low,Frequent,Classic,Low
Sedentary,Career,Sports,News Websites,Neutral,Low,Behavioralistic,Conservative,Active,Domestic,Rare,Moderate,Occasional,Casual,High
Balanced,Family,Sports,TV,Enthusiastic,Moderate,Behavioralistic,Conservative,Occasional,Luxury,Occasional,High,Frequent,Classic,Low
Balanced,Family,Sports,TV,Neutral,High,Collectivist,Conservative,Occasional,Domestic,Frequent,Moderate,None,Casual,Moderate
Sedentary,Community,Sports,Magazines,Resistant,Moderate,Collectivist,Liberal,Active,Luxury,Rare,Moderate,None,Trendy,Low
Active,Health,Reading,Social Media,Neutral,Low,Behavioralistic,Conservative,Inactive,Domestic,Occasional,Moderate,Occasional,Minimalist,Moderate
Balanced,Community,Travel,News Websites,Neutral,Moderate,Behavioralistic,Independent,Occasional,Adventure,Rare,High,None,Classic,High
Balanced,Community,Cooking,News Websites,Enthusiastic,Low,Behavioralistic,Conservative,Active,International,Frequent,High,Frequent,Classic,Moderate
Balanced,Family,Cooking,Streaming,Neutral,High,Collectivist,Liberal,Occasional,Adventure,Rare,High,Occasional,Casual,High
Sedentary,Adventure,Sports,TV,Resistant,High,Collectivist,Conservative,Occasional,Domestic,Occasional,Moderate,None,Minimalist,Moderate
Active,Community,Sports,Social Media,Neutral,High,Behavioralistic,Conservative,Occasional,International,Occasional,High,Frequent,Casual,Moderate
Balanced,Adventure,Travel,News Websites,Neutral,High,Behavioralistic,Conservative,Occasional,Domestic,Occasional,Low,None,Minimalist,High
Sedentary,Community,Gaming,Social Media,Neutral,Low,Behavioralistic,Conservative,Inactive,Domestic,Rare,High,Frequent,Trendy,High
Balanced,Family,Reading,Social Media,Resistant,Moderate,Collectivist,Liberal,Active,Domestic,Occasional,High,Occasional,Classic,Moderate
Active,Family,Cooking,Streaming,Enthusiastic,Low,Collectivist,Liberal,Inactive,Domestic,Rare,Moderate,Frequent,Classic,High
Sedentary,Family,Gaming,Magazines,Neutral,Moderate,Collectivist,Liberal,Occasional,International,Rare,Low,None,Trendy,Low
Active,Family,Sports,Streaming,Resistant,High,Collectivist,Liberal,Occasional,International,Rare,Moderate,None,Casual,Moderate
Balanced,Family,Reading,TV,Neutral,Low,Collectivist,Conservative,Inactive,International,Occasional,High,Frequent,Classic,Moderate
Balanced,Family,Gaming,TV,Resistant,Moderate,Behavioralistic,Liberal,Occasional,International,Frequent,Moderate,Occasional,Minimalist,High
Sedentary,Career,Reading,News Websites,Resistant,High,Collectivist,Conservative,Occasional,Domestic,Occasional,High,None,Casual,High
Balanced,Health,Reading,Streaming,Neutral,High,Behavioralistic,Independent,Occasional,Luxury,Frequent,High,Occasional,Trendy,High
Active,Family,Gaming,TV,Neutral,Moderate,Collectivist,Conservative,Occasional,Domestic,Occasional,High,Frequent,Classic,Moderate
Sedentary,Health,Travel,TV,Resistant,Moderate,Collectivist,Liberal,Occasional,Domestic,Frequent,Moderate,Occasional,Classic,Moderate
Sedentary,Community,Cooking,Streaming,Resistant,Moderate,Behavioralistic,Independent,Active,Adventure,Occasional,High,Frequent,Casual,Low
Sedentary,Adventure,Cooking,Streaming,Neutral,Moderate,Behavioralistic,Conservative,Inactive,Adventure,Frequent,Low,None,Classic,High
Sedentary,Community,Gaming,Magazines,Neutral,Low,Behavioralistic,Liberal,Active,International,Frequent,High,Frequent,Minimalist,Low
Balanced,Adventure,Gaming,News Websites,Enthusiastic,Moderate,Behavioralistic,Conservative,Inactive,Adventure,Frequent,Low,Occasional,Trendy,Moderate
Sedentary,Community,Reading,Social Media,Enthusiastic,Low,Behavioralistic,Independent,Active,Luxury,Frequent,Low,Frequent,Trendy,Low
Balanced,Career,Cooking,Streaming,Resistant,High,Behavioralistic,Conservative,Active,International,Rare,Moderate,Frequent,Casual,Moderate
Balanced,Community,Gaming,Magazines,Resistant,Low,Collectivist,Conservative,Occasional,International,Occasional,Low,None,Minimalist,High
Sedentary,Family,Gaming,TV,Enthusiastic,High,Collectivist,Conservative,Occasional,Domestic,Rare,Low,Frequent,Trendy,High
Active,Career,Cooking,Social Media,Enthusiastic,Moderate,Collectivist,Conservative,Active,Adventure,Frequent,Moderate,Occasional,Classic,High
Balanced,Family,Sports,Streaming,Neutral,Low,Behavioralistic,Conservative,Occasional,International,Rare,Moderate,None,Minimalist,Moderate
Sedentary,Family,Cooking,Magazines,Neutral,Low,Behavioralistic,Independent,Occasional,Domestic,Frequent,Low,Occasional,Minimalist,Moderate
Balanced,Adventure,Gaming,Magazines,Resistant,Low,Collectivist,Conservative,Inactive,Adventure,Rare,High,Occasional,Minimalist,Moderate
Active,Adventure,Sports,TV,Resistant,Moderate,Behavioralistic,Conservative,Inactive,Domestic,Occasional,High,Frequent,Trendy,Low
Sedentary,Family,Reading,Magazines,Enthusiastic,Moderate,Behavioralistic,Independent,Occasional,Luxury,Occasional,Low,Frequent,Minimalist,Moderate
Active,Career,Reading,TV,Enthusiastic,Moderate,Behavioralistic,Conservative,Inactive,Luxury,Frequent,Low,Frequent,Casual,High
Sedentary,Community,Gaming,News Websites,Enthusiastic,Low,Behavioralistic,Liberal,Occasional,Adventure,Occasional,Low,Occasional,Classic,Moderate
Active,Family,Reading,Streaming,Enthusiastic,High,Collectivist,Liberal,Occasional,International,Occasional,Low,Occasional,Trendy,High
Sedentary,Adventure,Sports,News Websites,Neutral,Low,Collectivist,Independent,Active,Domestic,Rare,Moderate,None,Trendy,High
Active,Career,Travel,Streaming,Enthusiastic,Low,Behavioralistic,Conservative,Occasional,Luxury,Frequent,Moderate,Occasional,Classic,Moderate
Balanced,Community,Sports,TV,Enthusiastic,Low,Collectivist,Conservative,Occasional,Adventure,Occasional,High,Frequent,Casual,Moderate
Balanced,Health,Gaming,Magazines,Neutral,Low,Collectivist,Independent,Active,Adventure,Frequent,Low,Occasional,Minimalist,Moderate
Sedentary,Health,Gaming,Streaming,Neutral,Low,Collectivist,Independent,Occasional,Luxury,Frequent,Moderate,None,Trendy,Moderate
Balanced,Health,Travel,Magazines,Resistant,Moderate,Behavioralistic,Conservative,Inactive,International,Occasional,High,None,Minimalist,Low
Balanced,Community,Reading,Streaming,Resistant,High,Collectivist,Conservative,Occasional,Domestic,Frequent,High,Frequent,Trendy,Moderate
Sedentary,Health,Travel,News Websites,Neutral,High,Collectivist,Conservative,Inactive,Luxury,Occasional,Moderate,Frequent,Classic,High
Active,Community,Cooking,TV,Enthusiastic,High,Collectivist,Conservative,Active,Luxury,Frequent,Low,Occasional,Classic,High
Active,Community,Cooking,Magazines,Resistant,Low,Behavioralistic,Liberal,Active,Adventure,Occasional,High,Frequent,Trendy,Low
Active,Health,Travel,Social Media,Enthusiastic,High,Behavioralistic,Liberal,Occasional,International,Rare,Low,Frequent,Minimalist,Moderate
Active,Community,Gaming,Streaming,Resistant,High,Behavioralistic,Liberal,Occasional,Luxury,Frequent,High,Occasional,Casual,Low
Sedentary,Family,Gaming,Streaming,Resistant,Moderate,Collectivist,Independent,Inactive,Domestic,Frequent,High,None,Casual,High
Active,Career,Reading,News Websites,Enthusiastic,Low,Behavioralistic,Independent,Active,Luxury,Occasional,Moderate,None,Classic,Moderate
Balanced,Health,Reading,Magazines,Enthusiastic,Moderate,Behavioralistic,Liberal,Inactive,International,Rare,Moderate,Frequent,Minimalist,Moderate
Active,Family,Cooking,TV,Enthusiastic,Moderate,Behavioralistic,Independent,Occasional,Adventure,Frequent,High,Frequent,Classic,Moderate
Sedentary,Career,Reading,Social Media,Resistant,Moderate,Collectivist,Liberal,Occasional,International,Rare,Low,None,Classic,Moderate
Sedentary,Community,Gaming,Streaming,Neutral,High,Behavioralistic,Independent,Inactive,International,Occasional,Low,Occasional,Minimalist,High
Sedentary,Career,Reading,News Websites,Enthusiastic,Moderate,Collectivist,Liberal,Inactive,International,Frequent,Low,None,Minimalist,Moderate
Sedentary,Health,Gaming,TV,Resistant,Moderate,Behavioralistic,Liberal,Occasional,Luxury,Rare,High,Frequent,Minimalist,Moderate
Sedentary,Career,Gaming,TV,Neutral,High,Behavioralistic,Liberal,Occasional,Domestic,Occasional,High,Frequent,Casual,Low
Balanced,Community,Sports,Magazines,Enthusiastic,Low,Behavioralistic,Liberal,Occasional,Domestic,Rare,Moderate,Occasional,Minimalist,High
Active,Community,Cooking,TV,Enthusiastic,Low,Behavioralistic,Independent,Active,Adventure,Occasional,High,None,Casual,Moderate
Balanced,Family,Travel,News Websites,Enthusiastic,Low,Behavioralistic,Conservative,Occasional,International,Occasional,Moderate,None,Classic,High
Balanced,Adventure,Reading,Streaming,Enthusiastic,High,Collectivist,Conservative,Active,International,Occasional,Low,None,Casual,High
Active,Adventure,Cooking,News Websites,Resistant,Moderate,Behavioralistic,Independent,Active,Adventure,Occasional,Low,None,Classic,Moderate
Sedentary,Career,Travel,Social Media,Enthusiastic,Low,Collectivist,Liberal,Active,Domestic,Frequent,Moderate,None,Classic,High
Balanced,Community,Travel,News Websites,Neutral,Low,Collectivist,Liberal,Occasional,Luxury,Frequent,High,Frequent,Casual,High
Active,Community,Gaming,TV,Neutral,Moderate,Behavioralistic,Conservative,Inactive,International,Occasional,Low,Occasional,Classic,High
Balanced,Adventure,Travel,News Websites,Resistant,High,Behavioralistic,Liberal,Occasional,Luxury,Frequent,Moderate,Occasional,Minimalist,Low
Active,Career,Gaming,TV,Neutral,Low,Behavioralistic,Liberal,Active,Adventure,Rare,High,Occasional,Classic,Moderate
Active,Adventure,Reading,Social Media,Resistant,High,Behavioralistic,Independent,Occasional,Adventure,Occasional,Low,Frequent,Casual,Low
Balanced,Career,Travel,Magazines,Neutral,High,Collectivist,Independent,Active,International,Occasional,Moderate,None,Trendy,Low
Balanced,Career,Sports,Social Media,Neutral,Low,Collectivist,Conservative,Active,Luxury,Rare,Moderate,Occasional,Minimalist,Low
Balanced,Adventure,Cooking,News Websites,Neutral,Moderate,Behavioralistic,Liberal,Active,Adventure,Rare,Low,None,Classic,Low
Sedentary,Health,Reading,Magazines,Enthusiastic,Moderate,Behavioralistic,Liberal,Active,Adventure,Rare,Low,Frequent,Trendy,Low
Active,Community,Gaming,Social Media,Enthusiastic,High,Collectivist,Conservative,Inactive,Luxury,Rare,Moderate,Frequent,Trendy,Moderate
Active,Adventure,Reading,Magazines,Resistant,High,Collectivist,Independent,Occasional,Adventure,Occasional,Moderate,Occasional,Classic,Low
Sedentary,Family,Gaming,News Websites,Resistant,High,Collectivist,Conservative,Inactive,Adventure,Frequent,Low,Frequent,Trendy,Moderate
Sedentary,Community,Cooking,Streaming,Neutral,Low,Collectivist,Liberal,Inactive,Luxury,Rare,Moderate,Frequent,Minimalist,Low
Active,Adventure,Gaming,Social Media,Resistant,Low,Behavioralistic,Independent,Active,Domestic,Rare,Low,Occasional,Minimalist,Low
Balanced,Health,Reading,Social Media,Enthusiastic,Low,Behavioralistic,Liberal,Active,Domestic,Frequent,Moderate,Frequent,Minimalist,High
Balanced,Health,Reading,Magazines,Enthusiastic,Low,Behavioralistic,Independent,Inactive,International,Frequent,Moderate,Occasional,Trendy,Moderate
Active,Community,Gaming,Social Media,Neutral,Low,Behavioralistic,Liberal,Inactive,Luxury,Rare,High,None,Minimalist,Moderate
Sedentary,Career,Cooking,Streaming,Resistant,Low,Behavioralistic,Liberal,Inactive,Luxury,Rare,Moderate,None,Trendy,Low
Sedentary,Career,Gaming,News Websites,Neutral,High,Collectivist,Independent,Active,Adventure,Occasional,Moderate,Occasional,Trendy,Moderate
Sedentary,Health,Travel,Social Media,Enthusiastic,Low,Collectivist,Liberal,Occasional,Adventure,Frequent,Moderate,Frequent,Trendy,Moderate
Balanced,Family,Sports,Magazines,Resistant,Moderate,Collectivist,Conservative,Inactive,Domestic,Rare,Moderate,None,Minimalist,Low
Active,Family,Sports,Streaming,Enthusiastic,High,Behavioralistic,Independent,Occasional,Adventure,Rare,Low,Frequent,Casual,Moderate
Sedentary,Adventure,Travel,Magazines,Resistant,High,Collectivist,Conservative,Active,Adventure,Occasional,Moderate,Occasional,Casual,Moderate
Active,Career,Sports,Social Media,Resistant,High,Behavioralistic,Liberal,Active,Luxury,Occasional,Low,Occasional,Casual,Moderate
Active,Family,Sports,Magazines,Neutral,High,Collectivist,Independent,Active,Domestic,Occasional,Moderate,Frequent,Casual,High
Balanced,Adventure,Sports,Magazines,Neutral,High,Behavioralistic,Independent,Active,Luxury,Rare,High,Frequent,Classic,Low
Active,Health,Travel,TV,Enthusiastic,High,Collectivist,Independent,Inactive,International,Frequent,Low,None,Trendy,High
Sedentary,Health,Sports,News Websites,Neutral,Low,Collectivist,Conservative,Inactive,Adventure,Occasional,High,None,Casual,High
Sedentary,Adventure,Travel,TV,Enthusiastic,Low,Behavioralistic,Conservative,Inactive,Domestic,Rare,Moderate,None,Casual,Moderate
Active,Community,Cooking,Streaming,Enthusiastic,Low,Behavioralistic,Liberal,Inactive,Luxury,Rare,High,Frequent,Classic,High
Active,Community,Sports,TV,Neutral,High,Behavioralistic,Conservative,Occasional,Adventure,Frequent,Moderate,None,Classic,High
Sedentary,Career,Reading,Streaming,Neutral,Moderate,Collectivist,Liberal,Occasional,Adventure,Occasional,Moderate,Occasional,Minimalist,Low
Sedentary,Health,Travel,News Websites,Enthusiastic,Low,Behavioralistic,Liberal,Inactive,Adventure,Frequent,Low,Occasional,Classic,High
Active,Career,Gaming,Streaming,Enthusiastic,Low,Behavioralistic,Liberal,Active,Adventure,Rare,Low,Frequent,Classic,Moderate
Sedentary,Health,Gaming,News Websites,Enthusiastic,Moderate,Collectivist,Independent,Inactive,Luxury,Frequent,Moderate,None,Casual,High
Balanced,Family,Sports,News Websites,Neutral,Moderate,Collectivist,Conservative,Inactive,Luxury,Rare,High,Occasional,Classic,Low
Sedentary,Adventure,Cooking,Streaming,Neutral,Moderate,Collectivist,Conservative,Inactive,International,Frequent,High,Occasional,Minimalist,Moderate
Sedentary,Family,Sports,News Websites,Neutral,High,Collectivist,Liberal,Occasional,Luxury,Frequent,Low,None,Minimalist,High
Balanced,Health,Reading,TV,Enthusiastic,Moderate,Collectivist,Conservative,Inactive,Luxury,Rare,Moderate,None,Minimalist,High
Active,Health,Gaming,News Websites,Resistant,High,Behavioralistic,Independent,Inactive,International,Rare,Low,Frequent,Classic,Moderate
Balanced,Community,Cooking,Social Media,Enthusiastic,Moderate,Behavioralistic,Liberal,Occasional,Domestic,Frequent,Moderate,Occasional,Casual,Moderate
Sedentary,Family,Cooking,TV,Enthusiastic,Low,Collectivist,Conservative,Active,Domestic,Rare,High,None,Casual,Low
Active,Career,Gaming,TV,Enthusiastic,Low,Behavioralistic,Liberal,Active,Adventure,Occasional,Moderate,Frequent,Minimalist,Moderate
Active,Community,Reading,TV,Neutral,Low,Collectivist,Conservative,Occasional,International,Rare,High,Frequent,Classic,Low
Balanced,Community,Reading,Magazines,Neutral,Moderate,Collectivist,Liberal,Active,Domestic,Frequent,Low,Frequent,Minimalist,Low
Sedentary,Adventure,Reading,Magazines,Enthusiastic,High,Behavioralistic,Independent,Active,Domestic,Rare,High,None,Classic,Low
Sedentary,Career,Reading,Streaming,Neutral,Low,Behavioralistic,Conservative,Inactive,International,Rare,Moderate,Occasional,Classic,Moderate
Balanced,Adventure,Reading,TV,Resistant,Low,Behavioralistic,Conservative,Active,Domestic,Rare,High,None,Minimalist,Low
Balanced,Health,Travel,Social Media,Resistant,High,Behavioralistic,Conservative,Occasional,Luxury,Frequent,Moderate,Occasional,Casual,Moderate
Sedentary,Community,Sports,Social Media,Enthusiastic,Moderate,Collectivist,Liberal,Active,International,Frequent,Low,Occasional,Classic,Moderate
Sedentary,Family,Travel,Social Media,Resistant,Moderate,Collectivist,Independent,Inactive,Luxury,Frequent,Low,Frequent,Classic,High
Active,Health,Travel,TV,Enthusiastic,Low,Collectivist,Independent,Active,Luxury,Rare,Low,None,Classic,Low
Sedentary,Career,Reading,News Websites,Resistant,Low,Collectivist,Liberal,Occasional,Luxury,Frequent,Moderate,Occasional,Trendy,Moderate
Balanced,Adventure,Travel,Magazines,Neutral,Low,Behavioralistic,Independent,Inactive,International,Frequent,Low,Occasional,Trendy,Moderate
Sedentary,Health,Cooking,Magazines,Resistant,Low,Behavioralistic,Independent,Active,Luxury,Occasional,Moderate,Occasional,Classic,Low
Active,Health,Sports,Social Media,Neutral,High,Collectivist,Independent,Inactive,Domestic,Rare,High,None,Trendy,Moderate
Sedentary,Health,Reading,Magazines,Neutral,Low,Collectivist,Liberal,Active,Luxury,Frequent,High,None,Classic,High
Balanced,Career,Travel,TV,Enthusiastic,Low,Behavioralistic,Independent,Inactive,Adventure,Rare,High,Frequent,Trendy,Low
Sedentary,Community,Reading,TV,Resistant,Low,Collectivist,Liberal,Inactive,Adventure,Rare,Low,Occasional,Classic,High
Balanced,Adventure,Reading,News Websites,Neutral,High,Collectivist,Conservative,Occasional,Domestic,Occasional,Moderate,Occasional,Classic,High
Balanced,Adventure,Sports,Magazines,Resistant,High,Behavioralistic,Independent,Occasional,Luxury,Rare,High,None,Classic,Moderate
Balanced,Adventure,Gaming,Magazines,Neutral,Moderate,Collectivist,Independent,Active,International,Frequent,Moderate,Occasional,Classic,Moderate
Balanced,Family,Travel,News Websites,Resistant,High,Collectivist,Conservative,Occasional,International,Frequent,Moderate,None,Classic,Moderate
Sedentary,Career,Reading,News Websites,Enthusiastic,Moderate,Behavioralistic,Independent,Inactive,Luxury,Occasional,Moderate,Occasional,Trendy,Low
Sedentary,Adventure,Reading,News Websites,Enthusiastic,High,Collectivist,Liberal,Inactive,Domestic,Occasional,Low,None,Classic,Moderate
Balanced,Career,Travel,Streaming,Neutral,High,Behavioralistic,Conservative,Active,International,Rare,High,Frequent,Classic,High
Balanced,Health,Reading,News Websites,Resistant,Moderate,Behavioralistic,Liberal,Occasional,Domestic,Rare,High,Occasional,Minimalist,Moderate
Balanced,Career,Reading,Streaming,Enthusiastic,High,Collectivist,Independent,Active,Adventure,Rare,High,Occasional,Minimalist,Low
Balanced,Health,Cooking,Magazines,Enthusiastic,Moderate,Behavioralistic,Conservative,Active,Domestic,Frequent,High,None,Trendy,High
Balanced,Adventure,Reading,Social Media,Enthusiastic,High,Behavioralistic,Liberal,Occasional,International,Rare,Low,Occasional,Minimalist,Low
Balanced,Family,Cooking,News Websites,Resistant,High,Behavioralistic,Independent,Active,Luxury,Frequent,Low,Frequent,Trendy,Low
Balanced,Adventure,Cooking,Streaming,Resistant,High,Behavioralistic,Conservative,Occasional,Domestic,Rare,High,None,Classic,Low
Active,Community,Gaming,TV,Neutral,Low,Collectivist,Independent,Active,Adventure,Frequent,Moderate,Occasional,Casual,High
Sedentary,Health,Cooking,News Websites,Enthusiastic,Low,Collectivist,Liberal,Inactive,International,Occasional,Low,None,Trendy,Low
Active,Community,Cooking,Streaming,Enthusiastic,Moderate,Collectivist,Liberal,Occasional,Domestic,Rare,Low,Occasional,Trendy,Low
Sedentary,Family,Gaming,TV,Neutral,Low,Collectivist,Conservative,Inactive,Adventure,Occasional,Moderate,Frequent,Minimalist,Moderate
Active,Career,Sports,Streaming,Resistant,Moderate,Collectivist,Liberal,Active,International,Rare,Low,Occasional,Classic,Low
Sedentary,Adventure,Sports,Streaming,Neutral,High,Behavioralistic,Liberal,Occasional,International,Occasional,Moderate,None,Minimalist,Moderate
Balanced,Health,Cooking,Magazines,Enthusiastic,High,Collectivist,Conservative,Active,Domestic,Frequent,Low,Frequent,Trendy,High
Active,Family,Travel,TV,Neutral,Moderate,Collectivist,Independent,Inactive,International,Rare,Low,Frequent,Minimalist,High
Active,Community,Travel,Streaming,Neutral,Low,Behavioralistic,Independent,Inactive,Domestic,Occasional,Moderate,Occasional,Minimalist,High
Active,Career,Reading,TV,Neutral,Low,Behavioralistic,Independent,Inactive,Luxury,Occasional,Low,Frequent,Minimalist,Moderate
Balanced,Adventure,Gaming,News Websites,Neutral,Moderate,Behavioralistic,Conservative,Inactive,Adventure,Frequent,Moderate,None,Casual,High
Active,Community,Reading,Streaming,Resistant,Moderate,Behavioralistic,Conservative,Occasional,Luxury,Occasional,High,Occasional,Minimalist,High
Active,Family,Cooking,News Websites,Neutral,High,Behavioralistic,Conservative,Active,International,Occasional,Moderate,Occasional,Classic,Moderate
Sedentary,Health,Cooking,Social Media,Enthusiastic,High,Collectivist,Liberal,Active,Adventure,Frequent,Moderate,None,Minimalist,High
Active,Adventure,Gaming,Magazines,Resistant,High,Collectivist,Liberal,Inactive,Luxury,Rare,Moderate,Frequent,Minimalist,Low
Sedentary,Community,Reading,News Websites,Enthusiastic,Moderate,Collectivist,Liberal,Inactive,Domestic,Frequent,Moderate,Occasional,Trendy,Moderate
Sedentary,Career,Sports,TV,Enthusiastic,High,Behavioralistic,Conservative,Occasional,Adventure,Occasional,Moderate,Frequent,Classic,Low
Balanced,Community,Reading,Streaming,Resistant,Low,Behavioralistic,Conservative,Active,Domestic,Occasional,Low,None,Trendy,Moderate
Sedentary,Family,Travel,Magazines,Enthusiastic,Moderate,Behavioralistic,Independent,Inactive,Domestic,Frequent,High,Occasional,Trendy,High
Balanced,Career,Travel,Magazines,Enthusiastic,High,Behavioralistic,Liberal,Occasional,International,Rare,High,None,Casual,High
Balanced,Career,Cooking,TV,Enthusiastic,High,Collectivist,Conservative,Inactive,Domestic,Occasional,Low,Frequent,Trendy,Moderate
Sedentary,Family,Cooking,News Websites,Resistant,Low,Behavioralistic,Independent,Inactive,Domestic,Rare,Moderate,None,Trendy,Moderate
Sedentary,Career,Cooking,Streaming,Neutral,Low,Behavioralistic,Independent,Occasional,Adventure,Frequent,Moderate,Occasional,Minimalist,High
Balanced,Adventure,Cooking,Streaming,Resistant,Moderate,Behavioralistic,Independent,Occasional,International,Occasional,High,Frequent,Classic,Low
Active,Community,Gaming,Social Media,Neutral,Low,Behavioralistic,Conservative,Active,Domestic,Frequent,Moderate,None,Casual,High
Sedentary,Career,Sports,Magazines,Neutral,Low,Behavioralistic,Conservative,Inactive,Adventure,Frequent,High,Occasional,Casual,High
Active,Community,Sports,News Websites,Resistant,High,Collectivist,Conservative,Occasional,Domestic,Rare,Low,Occasional,Trendy,Low
Sedentary,Career,Reading,Social Media,Neutral,Low,Behavioralistic,Liberal,Occasional,Domestic,Frequent,Moderate,Frequent,Trendy,Low
Sedentary,Adventure,Travel,TV,Resistant,High,Collectivist,Conservative,Inactive,Adventure,Rare,High,Frequent,Classic,High
Balanced,Community,Gaming,News Websites,Neutral,High,Behavioralistic,Independent,Inactive,International,Occasional,Low,None,Classic,Moderate
Balanced,Adventure,Sports,Social Media,Resistant,High,Behavioralistic,Liberal,Active,International,Rare,Moderate,Occasional,Trendy,Moderate
Sedentary,Family,Sports,News Websites,Enthusiastic,High,Collectivist,Independent,Inactive,Adventure,Rare,Moderate,Occasional,Casual,Moderate
Balanced,Adventure,Reading,Social Media,Resistant,Low,Behavioralistic,Independent,Occasional,International,Rare,Low,Occasional,Classic,High
Sedentary,Family,Travel,Magazines,Neutral,High,Collectivist,Independent,Occasional,Domestic,Rare,Low,Occasional,Classic,Moderate
Balanced,Family,Reading,TV,Neutral,Moderate,Collectivist,Independent,Inactive,International,Frequent,Low,None,Trendy,High
Sedentary,Community,Cooking,Social Media,Enthusiastic,Moderate,Behavioralistic,Conservative,Inactive,Adventure,Frequent,High,None,Trendy,Moderate
Balanced,Adventure,Gaming,News Websites,Resistant,Low,Collectivist,Conservative,Active,Domestic,Occasional,Low,None,Minimalist,Low
Sedentary,Adventure,Travel,TV,Enthusiastic,Low,Collectivist,Conservative,Inactive,Luxury,Frequent,Moderate,Occasional,Classic,High
Active,Community,Travel,Streaming,Resistant,Moderate,Collectivist,Conservative,Active,Adventure,Occasional,Low,Frequent,Trendy,High
Active,Health,Reading,News Websites,Enthusiastic,Moderate,Behavioralistic,Conservative,Inactive,Luxury,Rare,Low,Occasional,Casual,Low
Sedentary,Family,Gaming,Magazines,Enthusiastic,Low,Collectivist,Conservative,Inactive,Adventure,Occasional,Low,None,Trendy,Low
Active,Community,Reading,Magazines,Enthusiastic,High,Behavioralistic,Conservative,Inactive,International,Occasional,Moderate,Frequent,Casual,Moderate
Sedentary,Family,Reading,Streaming,Enthusiastic,Moderate,Collectivist,Conservative,Active,Domestic,Rare,Low,Occasional,Casual,High
Sedentary,Adventure,Reading,Social Media,Neutral,Moderate,Behavioralistic,Liberal,Inactive,Luxury,Frequent,High,Frequent,Minimalist,Low
Sedentary,Health,Sports,Magazines,Enthusiastic,Moderate,Collectivist,Liberal,Active,Adventure,Rare,High,Frequent,Classic,Moderate
Sedentary,Adventure,Reading,Streaming,Enthusiastic,Moderate,Collectivist,Independent,Inactive,Domestic,Occasional,High,Frequent,Casual,High
Sedentary,Family,Sports,Magazines,Enthusiastic,High,Collectivist,Conservative,Active,Domestic,Occasional,High,Frequent,Casual,Low
Balanced,Health,Cooking,News Websites,Resistant,Moderate,Behavioralistic,Conservative,Occasional,Luxury,Rare,High,None,Casual,Low
Balanced,Community,Sports,Social Media,Resistant,Moderate,Collectivist,Conservative,Inactive,Luxury,Rare,Low,Occasional,Trendy,Moderate
Active,Health,Sports,News Websites,Enthusiastic,Low,Behavioralistic,Conservative,Occasional,International,Frequent,Moderate,Frequent,Casual,Low
Sedentary,Family,Sports,TV,Neutral,Moderate,Collectivist,Independent,Occasional,Adventure,Occasional,High,None,Classic,Low
Active,Adventure,Gaming,News Websites,Resistant,High,Collectivist,Liberal,Active,Domestic,Frequent,High,Frequent,Casual,Low
Balanced,Career,Reading,Streaming,Enthusiastic,Low,Collectivist,Independent,Inactive,Adventure,Rare,Moderate,Occasional,Trendy,Low
Sedentary,Health,Reading,Streaming,Resistant,Moderate,Behavioralistic,Independent,Inactive,Adventure,Occasional,Moderate,Occasional,Minimalist,Moderate
Active,Community,Cooking,Social Media,Enthusiastic,High,Behavioralistic,Conservative,Occasional,Luxury,Occasional,High,Occasional,Minimalist,High
Balanced,Family,Gaming,News Websites,Resistant,High,Behavioralistic,Independent,Occasional,Domestic,Rare,High,Frequent,Classic,Low
Active,Family,Reading,News Websites,Enthusiastic,Low,Behavioralistic,Conservative,Active,Adventure,Rare,Moderate,Frequent,Classic,Moderate
Balanced,Career,Travel,Streaming,Resistant,Low,Collectivist,Conservative,Inactive,Luxury,Occasional,High,Occasional,Casual,Moderate
Active,Community,Sports,TV,Resistant,Low,Collectivist,Independent,Occasional,Adventure,Frequent,Moderate,Occasional,Casual,Moderate
Sedentary,Community,Travel,Streaming,Neutral,High,Behavioralistic,Liberal,Occasional,Domestic,Frequent,High,Frequent,Minimalist,Moderate
Balanced,Adventure,Travel,News Websites,Neutral,High,Collectivist,Independent,Occasional,Domestic,Rare,Moderate,None,Minimalist,Moderate
Balanced,Community,Sports,Streaming,Neutral,High,Collectivist,Liberal,Active,Luxury,Occasional,Low,Occasional,Minimalist,High
Balanced,Health,Gaming,TV,Neutral,Moderate,Collectivist,Independent,Active,Adventure,Occasional,High,Frequent,Classic,High
Sedentary,Career,Gaming,TV,Resistant,High,Collectivist,Independent,Inactive,Domestic,Rare,Moderate,Frequent,Casual,Low
Sedentary,Adventure,Sports,Streaming,Enthusiastic,High,Collectivist,Liberal,Active,International,Frequent,Moderate,Frequent,Minimalist,Low
Sedentary,Adventure,Reading,News Websites,Neutral,High,Behavioralistic,Independent,Active,International,Rare,Moderate,Frequent,Minimalist,High
Sedentary,Health,Sports,Magazines,Resistant,Low,Collectivist,Liberal,Inactive,Luxury,Occasional,High,Frequent,Trendy,Moderate
Balanced,Adventure,Travel,Magazines,Enthusiastic,Moderate,Behavioralistic,Conservative,Inactive,International,Frequent,Low,Frequent,Casual,High
Sedentary,Health,Travel,Magazines,Resistant,Low,Behavioralistic,Conservative,Occasional,International,Rare,High,Occasional,Trendy,High
Balanced,Adventure,Sports,Streaming,Resistant,Moderate,Behavioralistic,Independent,Active,Luxury,Rare,Low,Frequent,Casual,Low
Active,Family,Travel,Magazines,Enthusiastic,Moderate,Collectivist,Liberal,Occasional,International,Occasional,Low,Occasional,Trendy,Low
Balanced,Health,Travel,Magazines,Neutral,High,Collectivist,Conservative,Inactive,International,Frequent,High,None,Trendy,Low
Sedentary,Health,Travel,News Websites,Resistant,High,Behavioralistic,Independent,Inactive,Domestic,Occasional,Low,Occasional,Classic,High
Balanced,Family,Reading,Streaming,Neutral,Low,Behavioralistic,Liberal,Active,Domestic,Frequent,Moderate,Frequent,Trendy,Moderate
Balanced,Family,Travel,Streaming,Neutral,High,Behavioralistic,Independent,Occasional,International,Occasional,Low,None,Trendy,Moderate
Active,Career,Gaming,Streaming,Enthusiastic,Moderate,Collectivist,Conservative,Inactive,Adventure,Rare,High,Frequent,Minimalist,High
Sedentary,Family,Gaming,News Websites,Enthusiastic,Moderate,Collectivist,Conservative,Active,Adventure,Occasional,Moderate,Frequent,Casual,Moderate
Balanced,Career,Travel,Social Media,Neutral,Moderate,Collectivist,Liberal,Inactive,Adventure,Frequent,Low,Frequent,Classic,Moderate
Active,Family,Cooking,TV,Resistant,Low,Behavioralistic,Independent,Inactive,International,Rare,High,Occasional,Classic,Low
Sedentary,Adventure,Sports,Magazines,Resistant,Moderate,Behavioralistic,Liberal,Occasional,Domestic,Frequent,High,Occasional,Minimalist,Low
Active,Community,Reading,News Websites,Neutral,Low,Behavioralistic,Independent,Inactive,Domestic,Rare,Low,Occasional,Minimalist,Low
Sedentary,Adventure,Sports,Magazines,Neutral,Low,Behavioralistic,Liberal,Active,Domestic,Occasional,Low,Frequent,Minimalist,Low
Sedentary,Family,Gaming,Social Media,Resistant,Low,Collectivist,Independent,Active,International,Rare,Low,None,Trendy,Moderate
Balanced,Health,Travel,Magazines,Neutral,Low,Collectivist,Conservative,Occasional,International,Frequent,Low,None,Minimalist,Low
Sedentary,Community,Travel,TV,Neutral,Low,Behavioralistic,Independent,Active,International,Rare,High,Occasional,Minimalist,Low
Sedentary,Family,Reading,Streaming,Neutral,Moderate,Collectivist,Conservative,Active,International,Rare,Moderate,Occasional,Casual,High
Active,Health,Reading,Social Media,Resistant,Low,Behavioralistic,Independent,Active,International,Occasional,Moderate,Frequent,Trendy,Moderate
Sedentary,Community,Gaming,News Websites,Neutral,Moderate,Collectivist,Liberal,Active,Adventure,Rare,Low,Frequent,Classic,Moderate
Active,Health,Gaming,News Websites,Neutral,High,Collectivist,Independent,Active,Adventure,Rare,High,Frequent,Minimalist,Low
Active,Career,Sports,Streaming,Neutral,Low,Collectivist,Conservative,Occasional,Luxury,Rare,Low,Frequent,Trendy,Moderate
Sedentary,Adventure,Cooking,Social Media,Neutral,Moderate,Collectivist,Independent,Active,Adventure,Frequent,High,None,Casual,Low
Active,Family,Reading,TV,Enthusiastic,High,Collectivist,Conservative,Inactive,Adventure,Rare,Moderate,None,Trendy,Moderate
Active,Health,Gaming,News Websites,Resistant,Moderate,Collectivist,Independent,Occasional,Luxury,Rare,Moderate,Occasional,Casual,Moderate
Balanced,Career,Gaming,TV,Resistant,Moderate,Behavioralistic,Liberal,Active,International,Rare,High,Frequent,Trendy,Low
Balanced,Community,Cooking,Social Media,Enthusiastic,High,Behavioralistic,Liberal,Active,Luxury,Occasional,Low,Frequent,Casual,Moderate
Sedentary,Community,Gaming,Social Media,Resistant,High,Collectivist,Liberal,Occasional,International,Frequent,Moderate,Frequent,Classic,High
Sedentary,Health,Cooking,Magazines,Resistant,Low,Behavioralistic,Independent,Inactive,Domestic,Rare,Low,Frequent,Classic,High
Active,Family,Gaming,News Websites,Neutral,Low,Behavioralistic,Liberal,Occasional,Luxury,Occasional,Moderate,None,Trendy,Moderate
Sedentary,Health,Sports,Magazines,Resistant,Moderate,Behavioralistic,Liberal,Inactive,Adventure,Frequent,Low,Frequent,Casual,Moderate
Sedentary,Community,Cooking,Magazines,Enthusiastic,Moderate,Collectivist,Independent,Active,Adventure,Frequent,High,Frequent,Trendy,Moderate
Active,Community,Cooking,Streaming,Resistant,Low,Behavioralistic,Liberal,Inactive,Luxury,Frequent,High,Frequent,Trendy,Low
Balanced,Adventure,Reading,TV,Resistant,High,Collectivist,Independent,Occasional,Domestic,Occasional,High,None,Casual,Moderate
Sedentary,Adventure,Travel,Social Media,Resistant,High,Behavioralistic,Liberal,Active,Domestic,Frequent,High,None,Classic,Low
Balanced,Community,Cooking,Streaming,Resistant,Low,Collectivist,Independent,Inactive,Adventure,Frequent,Moderate,Frequent,Minimalist,Low
Sedentary,Adventure,Reading,Magazines,Resistant,High,Collectivist,Conservative,Active,Adventure,Frequent,High,Frequent,Casual,Low
Sedentary,Career,Sports,Social Media,Resistant,High,Behavioralistic,Conservative,Inactive,Domestic,Frequent,Low,Occasional,Minimalist,Low
Sedentary,Adventure,Cooking,Social Media,Resistant,Low,Behavioralistic,Independent,Active,Luxury,Rare,Moderate,Occasional,Classic,Moderate
Sedentary,Community,Gaming,TV,Enthusiastic,Moderate,Collectivist,Liberal,Active,International,Rare,Moderate,Occasional,Classic,Moderate
Sedentary,Community,Travel,Streaming,Neutral,Moderate,Behavioralistic,Liberal,Active,Domestic,Occasional,High,None,Casual,High
Sedentary,Adventure,Sports,TV,Resistant,Low,Collectivist,Independent,Inactive,International,Occasional,Moderate,Frequent,Minimalist,Low
Active,Community,Travel,TV,Enthusiastic,Moderate,Collectivist,Conservative,Inactive,Adventure,Frequent,High,None,Casual,High
Sedentary,Health,Gaming,TV,Neutral,Low,Collectivist,Conservative,Active,International,Occasional,Low,Frequent,Casual,Moderate
Sedentary,Family,Travel,Social Media,Resistant,Moderate,Collectivist,Conservative,Active,Domestic,Frequent,High,None,Casual,Low
Balanced,Adventure,Reading,Social Media,Resistant,Moderate,Behavioralistic,Liberal,Inactive,International,Rare,High,Occasional,Casual,Low
Balanced,Health,Gaming,News Websites,Enthusiastic,Moderate,Behavioralistic,Conservative,Inactive,Adventure,Frequent,Moderate,None,Trendy,High
Active,Career,Sports,Magazines,Resistant,Low,Collectivist,Conservative,Occasional,Domestic,Frequent,High,None,Minimalist,Low
Active,Family,Gaming,TV,Resistant,Moderate,Behavioralistic,Independent,Occasional,International,Rare,High,Frequent,Casual,Moderate
Sedentary,Adventure,Gaming,Social Media,Resistant,Moderate,Collectivist,Conservative,Occasional,Domestic,Frequent,Moderate,None,Trendy,Low
Active,Family,Reading,News Websites,Enthusiastic,Low,Behavioralistic,Liberal,Active,Domestic,Occasional,High,None,Trendy,Moderate
Active,Health,Cooking,Magazines,Enthusiastic,High,Collectivist,Liberal,Occasional,Domestic,Occasional,Low,Occasional,Minimalist,Moderate
Sedentary,Health,Cooking,Social Media,Neutral,High,Collectivist,Independent,Active,Adventure,Rare,High,Occasional,Minimalist,Low
Active,Community,Travel,News Websites,Neutral,Moderate,Behavioralistic,Independent,Active,Domestic,Rare,Moderate,Frequent,Minimalist,Low
Balanced,Career,Sports,TV,Enthusiastic,Low,Behavioralistic,Conservative,Occasional,International,Frequent,High,Frequent,Casual,High
Active,Career,Travel,Magazines,Resistant,Low,Behavioralistic,Liberal,Occasional,International,Rare,Low,Occasional,Minimalist,Moderate
Sedentary,Career,Travel,Social Media,Neutral,High,Collectivist,Liberal,Active,Luxury,Rare,Low,Occasional,Trendy,Low
Sedentary,Community,Reading,TV,Resistant,Moderate,Collectivist,Conservative,Active,Luxury,Frequent,Moderate,Occasional,Classic,High
Balanced,Career,Cooking,Magazines,Resistant,Moderate,Behavioralistic,Liberal,Active,Domestic,Occasional,High,Occasional,Minimalist,Moderate
Balanced,Health,Travel,Social Media,Resistant,Low,Behavioralistic,Independent,Inactive,International,Frequent,High,Occasional,Trendy,Moderate
Sedentary,Community,Reading,Magazines,Enthusiastic,Moderate,Behavioralistic,Liberal,Active,Adventure,Occasional,High,Frequent,Casual,Low
Sedentary,Community,Cooking,Streaming,Resistant,Moderate,Behavioralistic,Independent,Active,Adventure,Occasional,Low,Occasional,Trendy,High
Active,Adventure,Cooking,Social Media,Neutral,Low,Collectivist,Independent,Occasional,Luxury,Frequent,Low,Occasional,Minimalist,High
Active,Career,Sports,News Websites,Neutral,High,Collectivist,Conservative,Inactive,Domestic,Frequent,High,Frequent,Minimalist,Low
Active,Family,Travel,TV,Neutral,High,Collectivist,Conservative,Inactive,International,Rare,Low,Frequent,Trendy,Moderate
Balanced,Family,Cooking,Magazines,Neutral,High,Behavioralistic,Conservative,Occasional,Adventure,Frequent,High,Occasional,Classic,Moderate
Balanced,Adventure,Sports,Magazines,Neutral,Low,Collectivist,Independent,Occasional,International,Frequent,Low,Frequent,Casual,Moderate
Active,Community,Cooking,TV,Neutral,High,Behavioralistic,Independent,Occasional,Adventure,Occasional,Low,Occasional,Casual,Low
Sedentary,Family,Gaming,Magazines,Enthusiastic,Moderate,Behavioralistic,Independent,Occasional,Adventure,Occasional,High,Occasional,Minimalist,Moderate
Sedentary,Health,Sports,Magazines,Neutral,Moderate,Collectivist,Conservative,Inactive,Luxury,Occasional,High,Occasional,Minimalist,Low
Sedentary,Family,Cooking,TV,Neutral,Low,Collectivist,Conservative,Occasional,Luxury,Frequent,Low,Occasional,Classic,Moderate
Balanced,Adventure,Reading,Social Media,Resistant,Moderate,Collectivist,Independent,Occasional,Adventure,Rare,Moderate,None,Trendy,Low
Sedentary,Community,Reading,Magazines,Resistant,Low,Behavioralistic,Conservative,Inactive,Adventure,Rare,Low,Frequent,Classic,Moderate
Balanced,Community,Travel,Streaming,Enthusiastic,Low,Behavioralistic,Liberal,Inactive,Adventure,Rare,Low,None,Casual,Low
Active,Adventure,Reading,Social Media,Enthusiastic,High,Behavioralistic,Conservative,Occasional,Luxury,Frequent,Moderate,Occasional,Trendy,High
Balanced,Career,Reading,Magazines,Enthusiastic,Low,Collectivist,Independent,Active,Luxury,Occasional,Low,Occasional,Classic,Low
Balanced,Community,Reading,TV,Resistant,Low,Behavioralistic,Conservative,Active,Luxury,Rare,High,Occasional,Casual,Low
Sedentary,Adventure,Reading,Magazines,Enthusiastic,High,Behavioralistic,Liberal,Inactive,Luxury,Occasional,Moderate,None,Minimalist,Moderate
Active,Family,Reading,Social Media,Neutral,Moderate,Collectivist,Liberal,Occasional,Domestic,Frequent,Moderate,Frequent,Minimalist,Moderate
Active,Family,Reading,TV,Neutral,Low,Collectivist,Conservative,Occasional,Adventure,Occasional,Low,None,Minimalist,High
Sedentary,Adventure,Reading,TV,Neutral,Moderate,Behavioralistic,Conservative,Inactive,Luxury,Occasional,Moderate,Occasional,Casual,Moderate
Sedentary,Career,Travel,Social Media,Enthusiastic,High,Behavioralistic,Conservative,Inactive,Domestic,Occasional,High,None,Minimalist,Moderate
Balanced,Health,Cooking,Streaming,Neutral,High,Behavioralistic,Independent,Occasional,Luxury,Rare,High,None,Minimalist,High
Balanced,Adventure,Reading,Social Media,Resistant,Low,Collectivist,Liberal,Occasional,Adventure,Frequent,High,Frequent,Casual,Low
Sedentary,Community,Reading,Magazines,Neutral,Low,Behavioralistic,Independent,Inactive,Domestic,Rare,Low,Occasional,Minimalist,Low
Active,Community,Gaming,TV,Neutral,Moderate,Collectivist,Conservative,Active,Domestic,Occasional,High,Occasional,Classic,Low
Sedentary,Health,Cooking,Streaming,Enthusiastic,High,Behavioralistic,Liberal,Active,Domestic,Rare,Moderate,None,Classic,High
Active,Family,Travel,Social Media,Resistant,Moderate,Behavioralistic,Liberal,Active,Adventure,Rare,Low,Occasional,Minimalist,Low
Sedentary,Career,Gaming,Social Media,Neutral,Low,Behavioralistic,Independent,Active,International,Occasional,Low,Frequent,Trendy,Moderate
Active,Adventure,Sports,Social Media,Enthusiastic,Moderate,Collectivist,Independent,Inactive,Domestic,Occasional,Moderate,Occasional,Minimalist,Moderate
Balanced,Health,Gaming,TV,Enthusiastic,Low,Behavioralistic,Independent,Inactive,Luxury,Frequent,Moderate,None,Classic,High
Sedentary,Family,Sports,Streaming,Neutral,High,Behavioralistic,Conservative,Active,Adventure,Rare,High,Frequent,Minimalist,Low
Active,Career,Gaming,News Websites,Resistant,Low,Behavioralistic,Conservative,Occasional,International,Frequent,Moderate,None,Minimalist,High
Sedentary,Health,Reading,Streaming,Resistant,Moderate,Behavioralistic,Liberal,Active,Domestic,Rare,High,Frequent,Minimalist,Moderate
Balanced,Family,Gaming,Social Media,Enthusiastic,High,Behavioralistic,Conservative,Inactive,Domestic,Frequent,Low,None,Classic,High
Sedentary,Health,Reading,Magazines,Neutral,Moderate,Behavioralistic,Independent,Inactive,Adventure,Frequent,High,Occasional,Classic,High
Sedentary,Community,Sports,Magazines,Neutral,High,Behavioralistic,Independent,Active,International,Frequent,Low,Frequent,Classic,Low
Sedentary,Community,Reading,Streaming,Enthusiastic,Moderate,Collectivist,Independent,Inactive,International,Frequent,Low,Occasional,Casual,Moderate
Active,Adventure,Gaming,News Websites,Neutral,Low,Behavioralistic,Liberal,Occasional,International,Occasional,Low,Frequent,Minimalist,High
Balanced,Adventure,Cooking,Magazines,Resistant,Moderate,Collectivist,Conservative,Occasional,Luxury,Occasional,High,Occasional,Minimalist,High
Balanced,Community,Reading,Streaming,Resistant,High,Behavioralistic,Independent,Active,Luxury,Occasional,Low,None,Classic,Low
Active,Community,Reading,TV,Neutral,Low,Behavioralistic,Independent,Active,Domestic,Occasional,High,Occasional,Classic,Low
Active,Adventure,Sports,TV,Resistant,Moderate,Behavioralistic,Conservative,Active,International,Frequent,High,None,Trendy,Moderate
Sedentary,Community,Sports,Magazines,Neutral,Low,Collectivist,Independent,Active,Luxury,Rare,Moderate,Occasional,Trendy,Low
Sedentary,Career,Travel,Magazines,Neutral,Low,Collectivist,Conservative,Active,Domestic,Frequent,Moderate,Frequent,Casual,Low
Balanced,Community,Travel,TV,Neutral,Moderate,Behavioralistic,Liberal,Occasional,International,Frequent,Low,None,Minimalist,High
Balanced,Health,Sports,News Websites,Neutral,High,Behavioralistic,Conservative,Inactive,Domestic,Rare,Moderate,None,Classic,Low
Sedentary,Adventure,Reading,Magazines,Resistant,Moderate,Collectivist,Liberal,Active,Adventure,Rare,High,None,Casual,High
Sedentary,Career,Sports,Social Media,Enthusiastic,Moderate,Collectivist,Independent,Occasional,Domestic,Rare,Moderate,None,Classic,Low
Balanced,Community,Reading,News Websites,Enthusiastic,High,Behavioralistic,Independent,Inactive,International,Occasional,Moderate,Occasional,Classic,High
Active,Health,Reading,Social Media,Resistant,High,Collectivist,Conservative,Occasional,Adventure,Frequent,Low,None,Classic,Moderate
Balanced,Adventure,Reading,Social Media,Enthusiastic,Moderate,Collectivist,Conservative,Active,Luxury,Frequent,High,None,Classic,Low
Balanced,Community,Sports,Magazines,Enthusiastic,Moderate,Behavioralistic,Conservative,Inactive,Domestic,Occasional,Low,Occasional,Classic,High
Active,Adventure,Sports,TV,Neutral,Low,Collectivist,Liberal,Active,Domestic,Frequent,Low,None,Casual,High
Active,Career,Reading,Magazines,Enthusiastic,High,Behavioralistic,Conservative,Occasional,International,Rare,Low,Frequent,Classic,Low
Active,Community,Travel,News Websites,Resistant,High,Behavioralistic,Conservative,Occasional,Domestic,Occasional,Moderate,None,Casual,Low
Balanced,Family,Travel,News Websites,Resistant,High,Behavioralistic,Conservative,Inactive,Adventure,Occasional,Moderate,Frequent,Minimalist,High
Sedentary,Health,Cooking,TV,Resistant,High,Behavioralistic,Independent,Occasional,Adventure,Frequent,Moderate,None,Casual,Low
Sedentary,Adventure,Travel,Magazines,Neutral,Low,Behavioralistic,Independent,Occasional,International,Occasional,Moderate,Frequent,Casual,High
Active,Health,Cooking,TV,Resistant,Low,Behavioralistic,Conservative,Active,Adventure,Occasional,High,None,Minimalist,Moderate
Sedentary,Career,Reading,Social Media,Resistant,Low,Behavioralistic,Conservative,Inactive,International,Frequent,Moderate,Frequent,Casual,Low
Balanced,Health,Sports,News Websites,Enthusiastic,High,Collectivist,Liberal,Active,Luxury,Rare,Moderate,Occasional,Classic,Low
Active,Career,Sports,Streaming,Enthusiastic,Moderate,Behavioralistic,Conservative,Inactive,International,Frequent,High,Frequent,Trendy,Moderate
Active,Career,Cooking,Magazines,Resistant,High,Collectivist,Liberal,Inactive,Luxury,Occasional,High,Frequent,Trendy,Moderate
Active,Adventure,Gaming,TV,Resistant,Low,Behavioralistic,Liberal,Inactive,Domestic,Frequent,High,None,Minimalist,Low
Active,Adventure,Cooking,Streaming,Enthusiastic,Low,Behavioralistic,Liberal,Active,Adventure,Frequent,High,Frequent,Classic,High
Active,Family,Travel,Streaming,Resistant,High,Collectivist,Independent,Active,Domestic,Rare,High,Occasional,Trendy,Moderate
Balanced,Family,Gaming,Social Media,Neutral,High,Collectivist,Conservative,Occasional,Domestic,Occasional,Low,Frequent,Minimalist,Low
Active,Career,Gaming,TV,Resistant,High,Collectivist,Independent,Inactive,Domestic,Frequent,Moderate,Frequent,Classic,High
Active,Health,Travel,Streaming,Enthusiastic,Moderate,Collectivist,Conservative,Inactive,Adventure,Occasional,High,Frequent,Casual,Low
Balanced,Health,Cooking,News Websites,Resistant,Low,Behavioralistic,Liberal,Inactive,Domestic,Occasional,High,None,Minimalist,Moderate
Active,Adventure,Travel,News Websites,Enthusiastic,High,Collectivist,Liberal,Active,Luxury,Occasional,High,Frequent,Minimalist,High
Active,Adventure,Gaming,Social Media,Neutral,High,Collectivist,Liberal,Inactive,Luxury,Occasional,Low,Occasional,Casual,Low
Active,Career,Gaming,TV,Enthusiastic,Low,Collectivist,Independent,Inactive,Luxury,Frequent,Low,None,Minimalist,Low
Sedentary,Community,Travel,TV,Neutral,High,Behavioralistic,Conservative,Active,Adventure,Frequent,Low,Occasional,Casual,Low
Balanced,Health,Travel,News Websites,Enthusiastic,High,Collectivist,Liberal,Occasional,Adventure,Frequent,Moderate,Occasional,Minimalist,High
Active,Career,Gaming,Magazines,Neutral,Moderate,Behavioralistic,Independent,Active,Adventure,Frequent,High,Occasional,Classic,Moderate
Sedentary,Career,Gaming,News Websites,Neutral,Moderate,Collectivist,Independent,Inactive,Luxury,Rare,Low,Frequent,Trendy,High
Sedentary,Career,Cooking,Social Media,Neutral,Moderate,Behavioralistic,Liberal,Inactive,Luxury,Frequent,Moderate,None,Classic,High
Active,Adventure,Reading,News Websites,Enthusiastic,High,Collectivist,Liberal,Occasional,Domestic,Frequent,Moderate,None,Minimalist,High
Balanced,Community,Gaming,Streaming,Enthusiastic,Moderate,Collectivist,Conservative,Active,International,Occasional,Moderate,Occasional,Casual,High
Balanced,Health,Sports,TV,Enthusiastic,High,Behavioralistic,Independent,Inactive,International,Rare,High,Occasional,Casual,High
Balanced,Adventure,Cooking,Magazines,Neutral,Moderate,Behavioralistic,Independent,Occasional,Domestic,Frequent,Moderate,Occasional,Casual,Moderate
Balanced,Family,Reading,Streaming,Resistant,Moderate,Collectivist,Liberal,Occasional,Adventure,Frequent,High,Frequent,Casual,High
Balanced,Adventure,Cooking,Social Media,Resistant,High,Behavioralistic,Liberal,Inactive,Luxury,Frequent,Moderate,Frequent,Minimalist,Low
Balanced,Family,Sports,Magazines,Enthusiastic,High,Behavioralistic,Independent,Inactive,International,Rare,High,Occasional,Casual,High
Balanced,Family,Gaming,TV,Resistant,Low,Behavioralistic,Liberal,Active,Domestic,Frequent,High,Frequent,Minimalist,Low
Balanced,Community,Reading,Magazines,Resistant,Low,Collectivist,Conservative,Occasional,Luxury,Frequent,Low,None,Classic,High
Sedentary,Health,Reading,Social Media,Enthusiastic,High,Collectivist,Liberal,Inactive,Adventure,Occasional,High,None,Classic,High
Balanced,Health,Reading,TV,Neutral,Moderate,Collectivist,Liberal,Inactive,International,Frequent,Low,Occasional,Trendy,Moderate
Active,Family,Travel,Streaming,Resistant,High,Behavioralistic,Liberal,Inactive,Luxury,Frequent,Moderate,Occasional,Minimalist,Low
Balanced,Career,Reading,TV,Resistant,Low,Collectivist,Liberal,Inactive,Adventure,Frequent,High,Frequent,Minimalist,High
Sedentary,Career,Cooking,Magazines,Resistant,High,Collectivist,Conservative,Occasional,Domestic,Rare,Moderate,Frequent,Trendy,Moderate
Balanced,Family,Reading,Streaming,Neutral,Moderate,Collectivist,Liberal,Occasional,Luxury,Frequent,Low,Frequent,Casual,Low
Sedentary,Community,Gaming,TV,Enthusiastic,Low,Behavioralistic,Independent,Occasional,Luxury,Frequent,High,Occasional,Minimalist,High
Sedentary,Career,Reading,Streaming,Neutral,Low,Behavioralistic,Independent,Active,Luxury,Rare,Low,Frequent,Trendy,Low
Active,Family,Travel,News Websites,Resistant,Moderate,Collectivist,Independent,Occasional,Adventure,Frequent,High,Occasional,Trendy,High
Active,Career,Travel,Magazines,Enthusiastic,High,Behavioralistic,Liberal,Active,Luxury,Occasional,Low,Occasional,Casual,High
Active,Career,Reading,Magazines,Neutral,Low,Behavioralistic,Conservative,Active,Luxury,Rare,High,None,Classic,High
Balanced,Health,Cooking,Magazines,Neutral,High,Collectivist,Independent,Inactive,Adventure,Rare,High,None,Casual,Moderate
Balanced,Health,Cooking,Magazines,Resistant,Moderate,Behavioralistic,Independent,Occasional,Adventure,Rare,Moderate,Frequent,Minimalist,High
Sedentary,Family,Cooking,Social Media,Neutral,High,Behavioralistic,Independent,Inactive,Domestic,Rare,Low,Frequent,Casual,Moderate
Sedentary,Career,Sports,Magazines,Enthusiastic,Low,Behavioralistic,Conservative,Active,Domestic,Rare,High,None,Minimalist,Low
Active,Community,Travel,Social Media,Neutral,Low,Collectivist,Independent,Active,International,Rare,High,Occasional,Classic,Low
Active,Community,Sports,Social Media,Neutral,Low,Collectivist,Independent,Active,Luxury,Occasional,Moderate,None,Minimalist,Low
Active,Family,Gaming,Streaming,Resistant,Low,Behavioralistic,Liberal,Inactive,International,Rare,High,None,Casual,Moderate
Sedentary,Career,Gaming,Streaming,Resistant,High,Behavioralistic,Liberal,Active,Luxury,Occasional,Low,Frequent,Classic,High
Active,Health,Sports,News Websites,Resistant,High,Behavioralistic,Liberal,Active,Adventure,Occasional,Low,Frequent,Minimalist,High
Balanced,Community,Reading,TV,Neutral,Low,Collectivist,Conservative,Active,Luxury,Occasional,Low,None,Casual,Low
Sedentary,Health,Gaming,Streaming,Enthusiastic,High,Collectivist,Liberal,Inactive,Domestic,Frequent,Low,None,Classic,High
Balanced,Career,Gaming,TV,Enthusiastic,Low,Collectivist,Conservative,Inactive,International,Occasional,Moderate,Frequent,Minimalist,Low
Active,Health,Cooking,TV,Enthusiastic,Moderate,Behavioralistic,Independent,Occasional,Domestic,Rare,Low,None,Trendy,High
Sedentary,Health,Gaming,Magazines,Resistant,Low,Behavioralistic,Independent,Occasional,Domestic,Occasional,Low,None,Minimalist,Moderate
Balanced,Health,Cooking,Social Media,Resistant,High,Collectivist,Liberal,Active,Domestic,Occasional,Moderate,None,Trendy,High
Active,Adventure,Travel,Social Media,Enthusiastic,Low,Collectivist,Conservative,Inactive,Luxury,Frequent,Low,Occasional,Classic,Moderate
Sedentary,Community,Sports,TV,Neutral,High,Collectivist,Independent,Occasional,Luxury,Frequent,Moderate,Frequent,Casual,Moderate
Sedentary,Family,Reading,News Websites,Neutral,Low,Collectivist,Independent,Inactive,International,Rare,Low,Frequent,Classic,Moderate
Active,Health,Cooking,TV,Resistant,High,Collectivist,Independent,Active,International,Rare,High,None,Classic,Low
Balanced,Community,Sports,TV,Neutral,High,Behavioralistic,Conservative,Inactive,International,Occasional,Moderate,Frequent,Casual,High
Sedentary,Career,Cooking,Streaming,Neutral,High,Behavioralistic,Liberal,Occasional,International,Occasional,High,Occasional,Casual,Moderate
Sedentary,Career,Sports,Social Media,Neutral,Low,Behavioralistic,Conservative,Active,International,Occasional,Moderate,None,Trendy,High
Balanced,Family,Reading,Streaming,Enthusiastic,Low,Collectivist,Independent,Active,Domestic,Occasional,High,None,Trendy,Moderate
Active,Health,Travel,Magazines,Resistant,Low,Behavioralistic,Conservative,Active,Domestic,Rare,High,Frequent,Minimalist,Low
Balanced,Health,Travel,News Websites,Resistant,Moderate,Behavioralistic,Independent,Inactive,Adventure,Frequent,High,Frequent,Trendy,Low
Active,Adventure,Sports,Social Media,Neutral,Moderate,Behavioralistic,Independent,Inactive,Domestic,Frequent,High,Frequent,Classic,High
Sedentary,Career,Gaming,Social Media,Enthusiastic,Moderate,Collectivist,Conservative,Occasional,Adventure,Occasional,Moderate,None,Classic,Low
Balanced,Adventure,Travel,News Websites,Enthusiastic,Low,Behavioralistic,Independent,Inactive,Adventure,Frequent,Moderate,None,Classic,High
Active,Community,Gaming,TV,Enthusiastic,Moderate,Collectivist,Conservative,Occasional,Luxury,Occasional,Moderate,None,Trendy,Moderate
Sedentary,Career,Cooking,TV,Neutral,Low,Behavioralistic,Conservative,Occasional,Domestic,Rare,Low,None,Classic,High
Sedentary,Community,Cooking,News Websites,Resistant,Low,Behavioralistic,Conservative,Inactive,Luxury,Rare,Low,Frequent,Classic,Moderate
Balanced,Career,Reading,Magazines,Resistant,Moderate,Behavioralistic,Conservative,Inactive,International,Occasional,Low,None,Trendy,Low
Balanced,Health,Sports,Social Media,Neutral,Low,Collectivist,Independent,Active,Adventure,Rare,Low,Frequent,Trendy,Moderate
Active,Health,Travel,Magazines,Resistant,Moderate,Behavioralistic,Liberal,Active,Luxury,Occasional,Low,Frequent,Minimalist,High
Balanced,Community,Cooking,Streaming,Resistant,Moderate,Collectivist,Liberal,Active,Luxury,Occasional,Low,None,Classic,High
Balanced,Health,Travel,Streaming,Resistant,Moderate,Behavioralistic,Liberal,Inactive,Luxury,Frequent,Moderate,Frequent,Classic,Moderate
Active,Family,Reading,News Websites,Neutral,Moderate,Behavioralistic,Conservative,Active,Luxury,Frequent,High,Occasional,Minimalist,High
Sedentary,Community,Gaming,News Websites,Enthusiastic,Low,Behavioralistic,Conservative,Occasional,Adventure,Rare,Low,None,Minimalist,Moderate
Sedentary,Family,Cooking,News Websites,Enthusiastic,Moderate,Behavioralistic,Independent,Inactive,Adventure,Frequent,High,Occasional,Trendy,Low
Sedentary,Health,Cooking,TV,Enthusiastic,High,Behavioralistic,Independent,Active,Luxury,Rare,Low,None,Classic,Moderate
Sedentary,Adventure,Sports,Magazines,Resistant,Low,Collectivist,Independent,Inactive,International,Occasional,High,Frequent,Trendy,Low
Active,Community,Sports,TV,Neutral,High,Collectivist,Conservative,Active,Adventure,Frequent,Moderate,Occasional,Casual,Low
Sedentary,Family,Cooking,TV,Neutral,Moderate,Collectivist,Independent,Active,Adventure,Frequent,Moderate,Occasional,Trendy,Moderate
Sedentary,Adventure,Travel,News Websites,Neutral,Moderate,Behavioralistic,Conservative,Inactive,International,Occasional,High,Occasional,Classic,High
Active,Family,Travel,Magazines,Enthusiastic,Moderate,Behavioralistic,Conservative,Inactive,Domestic,Occasional,High,None,Casual,Low
Balanced,Health,Travel,News Websites,Neutral,Moderate,Collectivist,Independent,Active,Adventure,Rare,High,Frequent,Casual,Moderate
Balanced,Family,Reading,Social Media,Neutral,Low,Behavioralistic,Liberal,Occasional,Luxury,Occasional,Moderate,Frequent,Minimalist,High
Balanced,Career,Sports,News Websites,Enthusiastic,High,Behavioralistic,Liberal,Active,International,Frequent,Moderate,Occasional,Classic,Moderate
Balanced,Adventure,Travel,News Websites,Enthusiastic,Moderate,Behavioralistic,Independent,Inactive,International,Frequent,Low,Occasional,Classic,Moderate
Balanced,Family,Reading,News Websites,Resistant,High,Behavioralistic,Liberal,Occasional,International,Rare,High,None,Casual,High
Balanced,Family,Reading,News Websites,Enthusiastic,Moderate,Collectivist,Liberal,Inactive,International,Frequent,Moderate,None,Casual,Low
Active,Career,Cooking,Social Media,Neutral,Moderate,Behavioralistic,Liberal,Active,Adventure,Frequent,High,Frequent,Trendy,Low
